Family,Descriptor,Dimension
ABCIndex,ABC,2D
ABCIndex,ABCGG,2D
AcidBase,nAcid,2D
AcidBase,nBase,2D
AdjacencyMatrix,SpAbs_A,2D
AdjacencyMatrix,SpMax_A,2D
AdjacencyMatrix,SpDiam_A,2D
AdjacencyMatrix,SpAD_A,2D
AdjacencyMatrix,SpMAD_A,2D
AdjacencyMatrix,LogEE_A,2D
AdjacencyMatrix,SM1_A,2D
AdjacencyMatrix,VE1_A,2D
AdjacencyMatrix,VE2_A,2D
AdjacencyMatrix,VE3_A,2D
AdjacencyMatrix,VR1_A,2D
AdjacencyMatrix,VR2_A,2D
AdjacencyMatrix,VR3_A,2D
Aromatic,nAromAtom,2D
Aromatic,nAromBond,2D
AtomCount,nAtom,2D
AtomCount,nHeavyAtom,2D
AtomCount,nSpiro,2D
AtomCount,nBridgehead,2D
AtomCount,nHetero,2D
AtomCount,nH,2D
AtomCount,nB,2D
AtomCount,nC,2D
AtomCount,nN,2D
AtomCount,nO,2D
AtomCount,nS,2D
AtomCount,nP,2D
AtomCount,nF,2D
AtomCount,nCl,2D
AtomCount,nBr,2D
AtomCount,nI,2D
AtomCount,nX,2D
Autocorrelation,ATS0x,2D
Autocorrelation,ATS1x,2D
Autocorrelation,ATS2x,2D
Autocorrelation,ATS3x,2D
Autocorrelation,ATS4x,2D
Autocorrelation,ATS5x,2D
Autocorrelation,ATS6x,2D
Autocorrelation,ATS7x,2D
Autocorrelation,ATS8x,2D
Autocorrelation,ATS0dv,2D
Autocorrelation,ATS1dv,2D
Autocorrelation,ATS2dv,2D
Autocorrelation,ATS3dv,2D
Autocorrelation,ATS4dv,2D
Autocorrelation,ATS5dv,2D
Autocorrelation,ATS6dv,2D
Autocorrelation,ATS7dv,2D
Autocorrelation,ATS8dv,2D
Autocorrelation,ATS0d,2D
Autocorrelation,ATS1d,2D
Autocorrelation,ATS2d,2D
Autocorrelation,ATS3d,2D
Autocorrelation,ATS4d,2D
Autocorrelation,ATS5d,2D
Autocorrelation,ATS6d,2D
Autocorrelation,ATS7d,2D
Autocorrelation,ATS8d,2D
Autocorrelation,ATS0s,2D
Autocorrelation,ATS1s,2D
Autocorrelation,ATS2s,2D
Autocorrelation,ATS3s,2D
Autocorrelation,ATS4s,2D
Autocorrelation,ATS5s,2D
Autocorrelation,ATS6s,2D
Autocorrelation,ATS7s,2D
Autocorrelation,ATS8s,2D
Autocorrelation,ATS0Z,2D
Autocorrelation,ATS1Z,2D
Autocorrelation,ATS2Z,2D
Autocorrelation,ATS3Z,2D
Autocorrelation,ATS4Z,2D
Autocorrelation,ATS5Z,2D
Autocorrelation,ATS6Z,2D
Autocorrelation,ATS7Z,2D
Autocorrelation,ATS8Z,2D
Autocorrelation,ATS0m,2D
Autocorrelation,ATS1m,2D
Autocorrelation,ATS2m,2D
Autocorrelation,ATS3m,2D
Autocorrelation,ATS4m,2D
Autocorrelation,ATS5m,2D
Autocorrelation,ATS6m,2D
Autocorrelation,ATS7m,2D
Autocorrelation,ATS8m,2D
Autocorrelation,ATS0v,2D
Autocorrelation,ATS1v,2D
Autocorrelation,ATS2v,2D
Autocorrelation,ATS3v,2D
Autocorrelation,ATS4v,2D
Autocorrelation,ATS5v,2D
Autocorrelation,ATS6v,2D
Autocorrelation,ATS7v,2D
Autocorrelation,ATS8v,2D
Autocorrelation,ATS0se,2D
Autocorrelation,ATS1se,2D
Autocorrelation,ATS2se,2D
Autocorrelation,ATS3se,2D
Autocorrelation,ATS4se,2D
Autocorrelation,ATS5se,2D
Autocorrelation,ATS6se,2D
Autocorrelation,ATS7se,2D
Autocorrelation,ATS8se,2D
Autocorrelation,ATS0pe,2D
Autocorrelation,ATS1pe,2D
Autocorrelation,ATS2pe,2D
Autocorrelation,ATS3pe,2D
Autocorrelation,ATS4pe,2D
Autocorrelation,ATS5pe,2D
Autocorrelation,ATS6pe,2D
Autocorrelation,ATS7pe,2D
Autocorrelation,ATS8pe,2D
Autocorrelation,ATS0are,2D
Autocorrelation,ATS1are,2D
Autocorrelation,ATS2are,2D
Autocorrelation,ATS3are,2D
Autocorrelation,ATS4are,2D
Autocorrelation,ATS5are,2D
Autocorrelation,ATS6are,2D
Autocorrelation,ATS7are,2D
Autocorrelation,ATS8are,2D
Autocorrelation,ATS0p,2D
Autocorrelation,ATS1p,2D
Autocorrelation,ATS2p,2D
Autocorrelation,ATS3p,2D
Autocorrelation,ATS4p,2D
Autocorrelation,ATS5p,2D
Autocorrelation,ATS6p,2D
Autocorrelation,ATS7p,2D
Autocorrelation,ATS8p,2D
Autocorrelation,ATS0i,2D
Autocorrelation,ATS1i,2D
Autocorrelation,ATS2i,2D
Autocorrelation,ATS3i,2D
Autocorrelation,ATS4i,2D
Autocorrelation,ATS5i,2D
Autocorrelation,ATS6i,2D
Autocorrelation,ATS7i,2D
Autocorrelation,ATS8i,2D
Autocorrelation,AATS0x,2D
Autocorrelation,AATS1x,2D
Autocorrelation,AATS2x,2D
Autocorrelation,AATS3x,2D
Autocorrelation,AATS4x,2D
Autocorrelation,AATS5x,2D
Autocorrelation,AATS6x,2D
Autocorrelation,AATS7x,2D
Autocorrelation,AATS8x,2D
Autocorrelation,AATS0dv,2D
Autocorrelation,AATS1dv,2D
Autocorrelation,AATS2dv,2D
Autocorrelation,AATS3dv,2D
Autocorrelation,AATS4dv,2D
Autocorrelation,AATS5dv,2D
Autocorrelation,AATS6dv,2D
Autocorrelation,AATS7dv,2D
Autocorrelation,AATS8dv,2D
Autocorrelation,AATS0d,2D
Autocorrelation,AATS1d,2D
Autocorrelation,AATS2d,2D
Autocorrelation,AATS3d,2D
Autocorrelation,AATS4d,2D
Autocorrelation,AATS5d,2D
Autocorrelation,AATS6d,2D
Autocorrelation,AATS7d,2D
Autocorrelation,AATS8d,2D
Autocorrelation,AATS0s,2D
Autocorrelation,AATS1s,2D
Autocorrelation,AATS2s,2D
Autocorrelation,AATS3s,2D
Autocorrelation,AATS4s,2D
Autocorrelation,AATS5s,2D
Autocorrelation,AATS6s,2D
Autocorrelation,AATS7s,2D
Autocorrelation,AATS8s,2D
Autocorrelation,AATS0Z,2D
Autocorrelation,AATS1Z,2D
Autocorrelation,AATS2Z,2D
Autocorrelation,AATS3Z,2D
Autocorrelation,AATS4Z,2D
Autocorrelation,AATS5Z,2D
Autocorrelation,AATS6Z,2D
Autocorrelation,AATS7Z,2D
Autocorrelation,AATS8Z,2D
Autocorrelation,AATS0m,2D
Autocorrelation,AATS1m,2D
Autocorrelation,AATS2m,2D
Autocorrelation,AATS3m,2D
Autocorrelation,AATS4m,2D
Autocorrelation,AATS5m,2D
Autocorrelation,AATS6m,2D
Autocorrelation,AATS7m,2D
Autocorrelation,AATS8m,2D
Autocorrelation,AATS0v,2D
Autocorrelation,AATS1v,2D
Autocorrelation,AATS2v,2D
Autocorrelation,AATS3v,2D
Autocorrelation,AATS4v,2D
Autocorrelation,AATS5v,2D
Autocorrelation,AATS6v,2D
Autocorrelation,AATS7v,2D
Autocorrelation,AATS8v,2D
Autocorrelation,AATS0se,2D
Autocorrelation,AATS1se,2D
Autocorrelation,AATS2se,2D
Autocorrelation,AATS3se,2D
Autocorrelation,AATS4se,2D
Autocorrelation,AATS5se,2D
Autocorrelation,AATS6se,2D
Autocorrelation,AATS7se,2D
Autocorrelation,AATS8se,2D
Autocorrelation,AATS0pe,2D
Autocorrelation,AATS1pe,2D
Autocorrelation,AATS2pe,2D
Autocorrelation,AATS3pe,2D
Autocorrelation,AATS4pe,2D
Autocorrelation,AATS5pe,2D
Autocorrelation,AATS6pe,2D
Autocorrelation,AATS7pe,2D
Autocorrelation,AATS8pe,2D
Autocorrelation,AATS0are,2D
Autocorrelation,AATS1are,2D
Autocorrelation,AATS2are,2D
Autocorrelation,AATS3are,2D
Autocorrelation,AATS4are,2D
Autocorrelation,AATS5are,2D
Autocorrelation,AATS6are,2D
Autocorrelation,AATS7are,2D
Autocorrelation,AATS8are,2D
Autocorrelation,AATS0p,2D
Autocorrelation,AATS1p,2D
Autocorrelation,AATS2p,2D
Autocorrelation,AATS3p,2D
Autocorrelation,AATS4p,2D
Autocorrelation,AATS5p,2D
Autocorrelation,AATS6p,2D
Autocorrelation,AATS7p,2D
Autocorrelation,AATS8p,2D
Autocorrelation,AATS0i,2D
Autocorrelation,AATS1i,2D
Autocorrelation,AATS2i,2D
Autocorrelation,AATS3i,2D
Autocorrelation,AATS4i,2D
Autocorrelation,AATS5i,2D
Autocorrelation,AATS6i,2D
Autocorrelation,AATS7i,2D
Autocorrelation,AATS8i,2D
Autocorrelation,ATSC0x,2D
Autocorrelation,ATSC1x,2D
Autocorrelation,ATSC2x,2D
Autocorrelation,ATSC3x,2D
Autocorrelation,ATSC4x,2D
Autocorrelation,ATSC5x,2D
Autocorrelation,ATSC6x,2D
Autocorrelation,ATSC7x,2D
Autocorrelation,ATSC8x,2D
Autocorrelation,ATSC0c,2D
Autocorrelation,ATSC1c,2D
Autocorrelation,ATSC2c,2D
Autocorrelation,ATSC3c,2D
Autocorrelation,ATSC4c,2D
Autocorrelation,ATSC5c,2D
Autocorrelation,ATSC6c,2D
Autocorrelation,ATSC7c,2D
Autocorrelation,ATSC8c,2D
Autocorrelation,ATSC0dv,2D
Autocorrelation,ATSC1dv,2D
Autocorrelation,ATSC2dv,2D
Autocorrelation,ATSC3dv,2D
Autocorrelation,ATSC4dv,2D
Autocorrelation,ATSC5dv,2D
Autocorrelation,ATSC6dv,2D
Autocorrelation,ATSC7dv,2D
Autocorrelation,ATSC8dv,2D
Autocorrelation,ATSC0d,2D
Autocorrelation,ATSC1d,2D
Autocorrelation,ATSC2d,2D
Autocorrelation,ATSC3d,2D
Autocorrelation,ATSC4d,2D
Autocorrelation,ATSC5d,2D
Autocorrelation,ATSC6d,2D
Autocorrelation,ATSC7d,2D
Autocorrelation,ATSC8d,2D
Autocorrelation,ATSC0s,2D
Autocorrelation,ATSC1s,2D
Autocorrelation,ATSC2s,2D
Autocorrelation,ATSC3s,2D
Autocorrelation,ATSC4s,2D
Autocorrelation,ATSC5s,2D
Autocorrelation,ATSC6s,2D
Autocorrelation,ATSC7s,2D
Autocorrelation,ATSC8s,2D
Autocorrelation,ATSC0Z,2D
Autocorrelation,ATSC1Z,2D
Autocorrelation,ATSC2Z,2D
Autocorrelation,ATSC3Z,2D
Autocorrelation,ATSC4Z,2D
Autocorrelation,ATSC5Z,2D
Autocorrelation,ATSC6Z,2D
Autocorrelation,ATSC7Z,2D
Autocorrelation,ATSC8Z,2D
Autocorrelation,ATSC0m,2D
Autocorrelation,ATSC1m,2D
Autocorrelation,ATSC2m,2D
Autocorrelation,ATSC3m,2D
Autocorrelation,ATSC4m,2D
Autocorrelation,ATSC5m,2D
Autocorrelation,ATSC6m,2D
Autocorrelation,ATSC7m,2D
Autocorrelation,ATSC8m,2D
Autocorrelation,ATSC0v,2D
Autocorrelation,ATSC1v,2D
Autocorrelation,ATSC2v,2D
Autocorrelation,ATSC3v,2D
Autocorrelation,ATSC4v,2D
Autocorrelation,ATSC5v,2D
Autocorrelation,ATSC6v,2D
Autocorrelation,ATSC7v,2D
Autocorrelation,ATSC8v,2D
Autocorrelation,ATSC0se,2D
Autocorrelation,ATSC1se,2D
Autocorrelation,ATSC2se,2D
Autocorrelation,ATSC3se,2D
Autocorrelation,ATSC4se,2D
Autocorrelation,ATSC5se,2D
Autocorrelation,ATSC6se,2D
Autocorrelation,ATSC7se,2D
Autocorrelation,ATSC8se,2D
Autocorrelation,ATSC0pe,2D
Autocorrelation,ATSC1pe,2D
Autocorrelation,ATSC2pe,2D
Autocorrelation,ATSC3pe,2D
Autocorrelation,ATSC4pe,2D
Autocorrelation,ATSC5pe,2D
Autocorrelation,ATSC6pe,2D
Autocorrelation,ATSC7pe,2D
Autocorrelation,ATSC8pe,2D
Autocorrelation,ATSC0are,2D
Autocorrelation,ATSC1are,2D
Autocorrelation,ATSC2are,2D
Autocorrelation,ATSC3are,2D
Autocorrelation,ATSC4are,2D
Autocorrelation,ATSC5are,2D
Autocorrelation,ATSC6are,2D
Autocorrelation,ATSC7are,2D
Autocorrelation,ATSC8are,2D
Autocorrelation,ATSC0p,2D
Autocorrelation,ATSC1p,2D
Autocorrelation,ATSC2p,2D
Autocorrelation,ATSC3p,2D
Autocorrelation,ATSC4p,2D
Autocorrelation,ATSC5p,2D
Autocorrelation,ATSC6p,2D
Autocorrelation,ATSC7p,2D
Autocorrelation,ATSC8p,2D
Autocorrelation,ATSC0i,2D
Autocorrelation,ATSC1i,2D
Autocorrelation,ATSC2i,2D
Autocorrelation,ATSC3i,2D
Autocorrelation,ATSC4i,2D
Autocorrelation,ATSC5i,2D
Autocorrelation,ATSC6i,2D
Autocorrelation,ATSC7i,2D
Autocorrelation,ATSC8i,2D
Autocorrelation,AATSC0x,2D
Autocorrelation,AATSC1x,2D
Autocorrelation,AATSC2x,2D
Autocorrelation,AATSC3x,2D
Autocorrelation,AATSC4x,2D
Autocorrelation,AATSC5x,2D
Autocorrelation,AATSC6x,2D
Autocorrelation,AATSC7x,2D
Autocorrelation,AATSC8x,2D
Autocorrelation,AATSC0c,2D
Autocorrelation,AATSC1c,2D
Autocorrelation,AATSC2c,2D
Autocorrelation,AATSC3c,2D
Autocorrelation,AATSC4c,2D
Autocorrelation,AATSC5c,2D
Autocorrelation,AATSC6c,2D
Autocorrelation,AATSC7c,2D
Autocorrelation,AATSC8c,2D
Autocorrelation,AATSC0dv,2D
Autocorrelation,AATSC1dv,2D
Autocorrelation,AATSC2dv,2D
Autocorrelation,AATSC3dv,2D
Autocorrelation,AATSC4dv,2D
Autocorrelation,AATSC5dv,2D
Autocorrelation,AATSC6dv,2D
Autocorrelation,AATSC7dv,2D
Autocorrelation,AATSC8dv,2D
Autocorrelation,AATSC0d,2D
Autocorrelation,AATSC1d,2D
Autocorrelation,AATSC2d,2D
Autocorrelation,AATSC3d,2D
Autocorrelation,AATSC4d,2D
Autocorrelation,AATSC5d,2D
Autocorrelation,AATSC6d,2D
Autocorrelation,AATSC7d,2D
Autocorrelation,AATSC8d,2D
Autocorrelation,AATSC0s,2D
Autocorrelation,AATSC1s,2D
Autocorrelation,AATSC2s,2D
Autocorrelation,AATSC3s,2D
Autocorrelation,AATSC4s,2D
Autocorrelation,AATSC5s,2D
Autocorrelation,AATSC6s,2D
Autocorrelation,AATSC7s,2D
Autocorrelation,AATSC8s,2D
Autocorrelation,AATSC0Z,2D
Autocorrelation,AATSC1Z,2D
Autocorrelation,AATSC2Z,2D
Autocorrelation,AATSC3Z,2D
Autocorrelation,AATSC4Z,2D
Autocorrelation,AATSC5Z,2D
Autocorrelation,AATSC6Z,2D
Autocorrelation,AATSC7Z,2D
Autocorrelation,AATSC8Z,2D
Autocorrelation,AATSC0m,2D
Autocorrelation,AATSC1m,2D
Autocorrelation,AATSC2m,2D
Autocorrelation,AATSC3m,2D
Autocorrelation,AATSC4m,2D
Autocorrelation,AATSC5m,2D
Autocorrelation,AATSC6m,2D
Autocorrelation,AATSC7m,2D
Autocorrelation,AATSC8m,2D
Autocorrelation,AATSC0v,2D
Autocorrelation,AATSC1v,2D
Autocorrelation,AATSC2v,2D
Autocorrelation,AATSC3v,2D
Autocorrelation,AATSC4v,2D
Autocorrelation,AATSC5v,2D
Autocorrelation,AATSC6v,2D
Autocorrelation,AATSC7v,2D
Autocorrelation,AATSC8v,2D
Autocorrelation,AATSC0se,2D
Autocorrelation,AATSC1se,2D
Autocorrelation,AATSC2se,2D
Autocorrelation,AATSC3se,2D
Autocorrelation,AATSC4se,2D
Autocorrelation,AATSC5se,2D
Autocorrelation,AATSC6se,2D
Autocorrelation,AATSC7se,2D
Autocorrelation,AATSC8se,2D
Autocorrelation,AATSC0pe,2D
Autocorrelation,AATSC1pe,2D
Autocorrelation,AATSC2pe,2D
Autocorrelation,AATSC3pe,2D
Autocorrelation,AATSC4pe,2D
Autocorrelation,AATSC5pe,2D
Autocorrelation,AATSC6pe,2D
Autocorrelation,AATSC7pe,2D
Autocorrelation,AATSC8pe,2D
Autocorrelation,AATSC0are,2D
Autocorrelation,AATSC1are,2D
Autocorrelation,AATSC2are,2D
Autocorrelation,AATSC3are,2D
Autocorrelation,AATSC4are,2D
Autocorrelation,AATSC5are,2D
Autocorrelation,AATSC6are,2D
Autocorrelation,AATSC7are,2D
Autocorrelation,AATSC8are,2D
Autocorrelation,AATSC0p,2D
Autocorrelation,AATSC1p,2D
Autocorrelation,AATSC2p,2D
Autocorrelation,AATSC3p,2D
Autocorrelation,AATSC4p,2D
Autocorrelation,AATSC5p,2D
Autocorrelation,AATSC6p,2D
Autocorrelation,AATSC7p,2D
Autocorrelation,AATSC8p,2D
Autocorrelation,AATSC0i,2D
Autocorrelation,AATSC1i,2D
Autocorrelation,AATSC2i,2D
Autocorrelation,AATSC3i,2D
Autocorrelation,AATSC4i,2D
Autocorrelation,AATSC5i,2D
Autocorrelation,AATSC6i,2D
Autocorrelation,AATSC7i,2D
Autocorrelation,AATSC8i,2D
Autocorrelation,MATS1x,2D
Autocorrelation,MATS2x,2D
Autocorrelation,MATS3x,2D
Autocorrelation,MATS4x,2D
Autocorrelation,MATS5x,2D
Autocorrelation,MATS6x,2D
Autocorrelation,MATS7x,2D
Autocorrelation,MATS8x,2D
Autocorrelation,MATS1c,2D
Autocorrelation,MATS2c,2D
Autocorrelation,MATS3c,2D
Autocorrelation,MATS4c,2D
Autocorrelation,MATS5c,2D
Autocorrelation,MATS6c,2D
Autocorrelation,MATS7c,2D
Autocorrelation,MATS8c,2D
Autocorrelation,MATS1dv,2D
Autocorrelation,MATS2dv,2D
Autocorrelation,MATS3dv,2D
Autocorrelation,MATS4dv,2D
Autocorrelation,MATS5dv,2D
Autocorrelation,MATS6dv,2D
Autocorrelation,MATS7dv,2D
Autocorrelation,MATS8dv,2D
Autocorrelation,MATS1d,2D
Autocorrelation,MATS2d,2D
Autocorrelation,MATS3d,2D
Autocorrelation,MATS4d,2D
Autocorrelation,MATS5d,2D
Autocorrelation,MATS6d,2D
Autocorrelation,MATS7d,2D
Autocorrelation,MATS8d,2D
Autocorrelation,MATS1s,2D
Autocorrelation,MATS2s,2D
Autocorrelation,MATS3s,2D
Autocorrelation,MATS4s,2D
Autocorrelation,MATS5s,2D
Autocorrelation,MATS6s,2D
Autocorrelation,MATS7s,2D
Autocorrelation,MATS8s,2D
Autocorrelation,MATS1Z,2D
Autocorrelation,MATS2Z,2D
Autocorrelation,MATS3Z,2D
Autocorrelation,MATS4Z,2D
Autocorrelation,MATS5Z,2D
Autocorrelation,MATS6Z,2D
Autocorrelation,MATS7Z,2D
Autocorrelation,MATS8Z,2D
Autocorrelation,MATS1m,2D
Autocorrelation,MATS2m,2D
Autocorrelation,MATS3m,2D
Autocorrelation,MATS4m,2D
Autocorrelation,MATS5m,2D
Autocorrelation,MATS6m,2D
Autocorrelation,MATS7m,2D
Autocorrelation,MATS8m,2D
Autocorrelation,MATS1v,2D
Autocorrelation,MATS2v,2D
Autocorrelation,MATS3v,2D
Autocorrelation,MATS4v,2D
Autocorrelation,MATS5v,2D
Autocorrelation,MATS6v,2D
Autocorrelation,MATS7v,2D
Autocorrelation,MATS8v,2D
Autocorrelation,MATS1se,2D
Autocorrelation,MATS2se,2D
Autocorrelation,MATS3se,2D
Autocorrelation,MATS4se,2D
Autocorrelation,MATS5se,2D
Autocorrelation,MATS6se,2D
Autocorrelation,MATS7se,2D
Autocorrelation,MATS8se,2D
Autocorrelation,MATS1pe,2D
Autocorrelation,MATS2pe,2D
Autocorrelation,MATS3pe,2D
Autocorrelation,MATS4pe,2D
Autocorrelation,MATS5pe,2D
Autocorrelation,MATS6pe,2D
Autocorrelation,MATS7pe,2D
Autocorrelation,MATS8pe,2D
Autocorrelation,MATS1are,2D
Autocorrelation,MATS2are,2D
Autocorrelation,MATS3are,2D
Autocorrelation,MATS4are,2D
Autocorrelation,MATS5are,2D
Autocorrelation,MATS6are,2D
Autocorrelation,MATS7are,2D
Autocorrelation,MATS8are,2D
Autocorrelation,MATS1p,2D
Autocorrelation,MATS2p,2D
Autocorrelation,MATS3p,2D
Autocorrelation,MATS4p,2D
Autocorrelation,MATS5p,2D
Autocorrelation,MATS6p,2D
Autocorrelation,MATS7p,2D
Autocorrelation,MATS8p,2D
Autocorrelation,MATS1i,2D
Autocorrelation,MATS2i,2D
Autocorrelation,MATS3i,2D
Autocorrelation,MATS4i,2D
Autocorrelation,MATS5i,2D
Autocorrelation,MATS6i,2D
Autocorrelation,MATS7i,2D
Autocorrelation,MATS8i,2D
Autocorrelation,GATS1x,2D
Autocorrelation,GATS2x,2D
Autocorrelation,GATS3x,2D
Autocorrelation,GATS4x,2D
Autocorrelation,GATS5x,2D
Autocorrelation,GATS6x,2D
Autocorrelation,GATS7x,2D
Autocorrelation,GATS8x,2D
Autocorrelation,GATS1c,2D
Autocorrelation,GATS2c,2D
Autocorrelation,GATS3c,2D
Autocorrelation,GATS4c,2D
Autocorrelation,GATS5c,2D
Autocorrelation,GATS6c,2D
Autocorrelation,GATS7c,2D
Autocorrelation,GATS8c,2D
Autocorrelation,GATS1dv,2D
Autocorrelation,GATS2dv,2D
Autocorrelation,GATS3dv,2D
Autocorrelation,GATS4dv,2D
Autocorrelation,GATS5dv,2D
Autocorrelation,GATS6dv,2D
Autocorrelation,GATS7dv,2D
Autocorrelation,GATS8dv,2D
Autocorrelation,GATS1d,2D
Autocorrelation,GATS2d,2D
Autocorrelation,GATS3d,2D
Autocorrelation,GATS4d,2D
Autocorrelation,GATS5d,2D
Autocorrelation,GATS6d,2D
Autocorrelation,GATS7d,2D
Autocorrelation,GATS8d,2D
Autocorrelation,GATS1s,2D
Autocorrelation,GATS2s,2D
Autocorrelation,GATS3s,2D
Autocorrelation,GATS4s,2D
Autocorrelation,GATS5s,2D
Autocorrelation,GATS6s,2D
Autocorrelation,GATS7s,2D
Autocorrelation,GATS8s,2D
Autocorrelation,GATS1Z,2D
Autocorrelation,GATS2Z,2D
Autocorrelation,GATS3Z,2D
Autocorrelation,GATS4Z,2D
Autocorrelation,GATS5Z,2D
Autocorrelation,GATS6Z,2D
Autocorrelation,GATS7Z,2D
Autocorrelation,GATS8Z,2D
Autocorrelation,GATS1m,2D
Autocorrelation,GATS2m,2D
Autocorrelation,GATS3m,2D
Autocorrelation,GATS4m,2D
Autocorrelation,GATS5m,2D
Autocorrelation,GATS6m,2D
Autocorrelation,GATS7m,2D
Autocorrelation,GATS8m,2D
Autocorrelation,GATS1v,2D
Autocorrelation,GATS2v,2D
Autocorrelation,GATS3v,2D
Autocorrelation,GATS4v,2D
Autocorrelation,GATS5v,2D
Autocorrelation,GATS6v,2D
Autocorrelation,GATS7v,2D
Autocorrelation,GATS8v,2D
Autocorrelation,GATS1se,2D
Autocorrelation,GATS2se,2D
Autocorrelation,GATS3se,2D
Autocorrelation,GATS4se,2D
Autocorrelation,GATS5se,2D
Autocorrelation,GATS6se,2D
Autocorrelation,GATS7se,2D
Autocorrelation,GATS8se,2D
Autocorrelation,GATS1pe,2D
Autocorrelation,GATS2pe,2D
Autocorrelation,GATS3pe,2D
Autocorrelation,GATS4pe,2D
Autocorrelation,GATS5pe,2D
Autocorrelation,GATS6pe,2D
Autocorrelation,GATS7pe,2D
Autocorrelation,GATS8pe,2D
Autocorrelation,GATS1are,2D
Autocorrelation,GATS2are,2D
Autocorrelation,GATS3are,2D
Autocorrelation,GATS4are,2D
Autocorrelation,GATS5are,2D
Autocorrelation,GATS6are,2D
Autocorrelation,GATS7are,2D
Autocorrelation,GATS8are,2D
Autocorrelation,GATS1p,2D
Autocorrelation,GATS2p,2D
Autocorrelation,GATS3p,2D
Autocorrelation,GATS4p,2D
Autocorrelation,GATS5p,2D
Autocorrelation,GATS6p,2D
Autocorrelation,GATS7p,2D
Autocorrelation,GATS8p,2D
Autocorrelation,GATS1i,2D
Autocorrelation,GATS2i,2D
Autocorrelation,GATS3i,2D
Autocorrelation,GATS4i,2D
Autocorrelation,GATS5i,2D
Autocorrelation,GATS6i,2D
Autocorrelation,GATS7i,2D
Autocorrelation,GATS8i,2D
BalabanJ,BalabanJ,2D
BaryszMatrix,SpAbs_Dzx,2D
BaryszMatrix,SpMax_Dzx,2D
BaryszMatrix,SpDiam_Dzx,2D
BaryszMatrix,SpAD_Dzx,2D
BaryszMatrix,SpMAD_Dzx,2D
BaryszMatrix,LogEE_Dzx,2D
BaryszMatrix,SM1_Dzx,2D
BaryszMatrix,VE1_Dzx,2D
BaryszMatrix,VE2_Dzx,2D
BaryszMatrix,VE3_Dzx,2D
BaryszMatrix,VR1_Dzx,2D
BaryszMatrix,VR2_Dzx,2D
BaryszMatrix,VR3_Dzx,2D
BaryszMatrix,SpAbs_DzZ,2D
BaryszMatrix,SpMax_DzZ,2D
BaryszMatrix,SpDiam_DzZ,2D
BaryszMatrix,SpAD_DzZ,2D
BaryszMatrix,SpMAD_DzZ,2D
BaryszMatrix,LogEE_DzZ,2D
BaryszMatrix,SM1_DzZ,2D
BaryszMatrix,VE1_DzZ,2D
BaryszMatrix,VE2_DzZ,2D
BaryszMatrix,VE3_DzZ,2D
BaryszMatrix,VR1_DzZ,2D
BaryszMatrix,VR2_DzZ,2D
BaryszMatrix,VR3_DzZ,2D
BaryszMatrix,SpAbs_Dzm,2D
BaryszMatrix,SpMax_Dzm,2D
BaryszMatrix,SpDiam_Dzm,2D
BaryszMatrix,SpAD_Dzm,2D
BaryszMatrix,SpMAD_Dzm,2D
BaryszMatrix,LogEE_Dzm,2D
BaryszMatrix,SM1_Dzm,2D
BaryszMatrix,VE1_Dzm,2D
BaryszMatrix,VE2_Dzm,2D
BaryszMatrix,VE3_Dzm,2D
BaryszMatrix,VR1_Dzm,2D
BaryszMatrix,VR2_Dzm,2D
BaryszMatrix,VR3_Dzm,2D
BaryszMatrix,SpAbs_Dzv,2D
BaryszMatrix,SpMax_Dzv,2D
BaryszMatrix,SpDiam_Dzv,2D
BaryszMatrix,SpAD_Dzv,2D
BaryszMatrix,SpMAD_Dzv,2D
BaryszMatrix,LogEE_Dzv,2D
BaryszMatrix,SM1_Dzv,2D
BaryszMatrix,VE1_Dzv,2D
BaryszMatrix,VE2_Dzv,2D
BaryszMatrix,VE3_Dzv,2D
BaryszMatrix,VR1_Dzv,2D
BaryszMatrix,VR2_Dzv,2D
BaryszMatrix,VR3_Dzv,2D
BaryszMatrix,SpAbs_Dzse,2D
BaryszMatrix,SpMax_Dzse,2D
BaryszMatrix,SpDiam_Dzse,2D
BaryszMatrix,SpAD_Dzse,2D
BaryszMatrix,SpMAD_Dzse,2D
BaryszMatrix,LogEE_Dzse,2D
BaryszMatrix,SM1_Dzse,2D
BaryszMatrix,VE1_Dzse,2D
BaryszMatrix,VE2_Dzse,2D
BaryszMatrix,VE3_Dzse,2D
BaryszMatrix,VR1_Dzse,2D
BaryszMatrix,VR2_Dzse,2D
BaryszMatrix,VR3_Dzse,2D
BaryszMatrix,SpAbs_Dzpe,2D
BaryszMatrix,SpMax_Dzpe,2D
BaryszMatrix,SpDiam_Dzpe,2D
BaryszMatrix,SpAD_Dzpe,2D
BaryszMatrix,SpMAD_Dzpe,2D
BaryszMatrix,LogEE_Dzpe,2D
BaryszMatrix,SM1_Dzpe,2D
BaryszMatrix,VE1_Dzpe,2D
BaryszMatrix,VE2_Dzpe,2D
BaryszMatrix,VE3_Dzpe,2D
BaryszMatrix,VR1_Dzpe,2D
BaryszMatrix,VR2_Dzpe,2D
BaryszMatrix,VR3_Dzpe,2D
BaryszMatrix,SpAbs_Dzare,2D
BaryszMatrix,SpMax_Dzare,2D
BaryszMatrix,SpDiam_Dzare,2D
BaryszMatrix,SpAD_Dzare,2D
BaryszMatrix,SpMAD_Dzare,2D
BaryszMatrix,LogEE_Dzare,2D
BaryszMatrix,SM1_Dzare,2D
BaryszMatrix,VE1_Dzare,2D
BaryszMatrix,VE2_Dzare,2D
BaryszMatrix,VE3_Dzare,2D
BaryszMatrix,VR1_Dzare,2D
BaryszMatrix,VR2_Dzare,2D
BaryszMatrix,VR3_Dzare,2D
BaryszMatrix,SpAbs_Dzp,2D
BaryszMatrix,SpMax_Dzp,2D
BaryszMatrix,SpDiam_Dzp,2D
BaryszMatrix,SpAD_Dzp,2D
BaryszMatrix,SpMAD_Dzp,2D
BaryszMatrix,LogEE_Dzp,2D
BaryszMatrix,SM1_Dzp,2D
BaryszMatrix,VE1_Dzp,2D
BaryszMatrix,VE2_Dzp,2D
BaryszMatrix,VE3_Dzp,2D
BaryszMatrix,VR1_Dzp,2D
BaryszMatrix,VR2_Dzp,2D
BaryszMatrix,VR3_Dzp,2D
BaryszMatrix,SpAbs_Dzi,2D
BaryszMatrix,SpMax_Dzi,2D
BaryszMatrix,SpDiam_Dzi,2D
BaryszMatrix,SpAD_Dzi,2D
BaryszMatrix,SpMAD_Dzi,2D
BaryszMatrix,LogEE_Dzi,2D
BaryszMatrix,SM1_Dzi,2D
BaryszMatrix,VE1_Dzi,2D
BaryszMatrix,VE2_Dzi,2D
BaryszMatrix,VE3_Dzi,2D
BaryszMatrix,VR1_Dzi,2D
BaryszMatrix,VR2_Dzi,2D
BaryszMatrix,VR3_Dzi,2D
BCUT,BCUTx-1h,2D
BCUT,BCUTx-1l,2D
BCUT,BCUTc-1h,2D
BCUT,BCUTc-1l,2D
BCUT,BCUTdv-1h,2D
BCUT,BCUTdv-1l,2D
BCUT,BCUTd-1h,2D
BCUT,BCUTd-1l,2D
BCUT,BCUTs-1h,2D
BCUT,BCUTs-1l,2D
BCUT,BCUTZ-1h,2D
BCUT,BCUTZ-1l,2D
BCUT,BCUTm-1h,2D
BCUT,BCUTm-1l,2D
BCUT,BCUTv-1h,2D
BCUT,BCUTv-1l,2D
BCUT,BCUTse-1h,2D
BCUT,BCUTse-1l,2D
BCUT,BCUTpe-1h,2D
BCUT,BCUTpe-1l,2D
BCUT,BCUTare-1h,2D
BCUT,BCUTare-1l,2D
BCUT,BCUTp-1h,2D
BCUT,BCUTp-1l,2D
BCUT,BCUTi-1h,2D
BCUT,BCUTi-1l,2D
BertzCT,BertzCT,2D
BondCount,nBonds,2D
BondCount,nBondsO,2D
BondCount,nBondsS,2D
BondCount,nBondsD,2D
BondCount,nBondsT,2D
BondCount,nBondsA,2D
BondCount,nBondsM,2D
BondCount,nBondsKS,2D
BondCount,nBondsKD,2D
CarbonTypes,C1SP1,2D
CarbonTypes,C2SP1,2D
CarbonTypes,C1SP2,2D
CarbonTypes,C2SP2,2D
CarbonTypes,C3SP2,2D
CarbonTypes,C1SP3,2D
CarbonTypes,C2SP3,2D
CarbonTypes,C3SP3,2D
CarbonTypes,C4SP3,2D
CarbonTypes,HybRatio,2D
CarbonTypes,FCSP3,2D
Chi,Xch-3d,2D
Chi,Xch-4d,2D
Chi,Xch-5d,2D
Chi,Xch-6d,2D
Chi,Xch-7d,2D
Chi,Xch-3dv,2D
Chi,Xch-4dv,2D
Chi,Xch-5dv,2D
Chi,Xch-6dv,2D
Chi,Xch-7dv,2D
Chi,Xc-3d,2D
Chi,Xc-4d,2D
Chi,Xc-5d,2D
Chi,Xc-6d,2D
Chi,Xc-3dv,2D
Chi,Xc-4dv,2D
Chi,Xc-5dv,2D
Chi,Xc-6dv,2D
Chi,Xpc-4d,2D
Chi,Xpc-5d,2D
Chi,Xpc-6d,2D
Chi,Xpc-4dv,2D
Chi,Xpc-5dv,2D
Chi,Xpc-6dv,2D
Chi,Xp-0d,2D
Chi,Xp-1d,2D
Chi,Xp-2d,2D
Chi,Xp-3d,2D
Chi,Xp-4d,2D
Chi,Xp-5d,2D
Chi,Xp-6d,2D
Chi,Xp-7d,2D
Chi,AXp-0d,2D
Chi,AXp-1d,2D
Chi,AXp-2d,2D
Chi,AXp-3d,2D
Chi,AXp-4d,2D
Chi,AXp-5d,2D
Chi,AXp-6d,2D
Chi,AXp-7d,2D
Chi,Xp-0dv,2D
Chi,Xp-1dv,2D
Chi,Xp-2dv,2D
Chi,Xp-3dv,2D
Chi,Xp-4dv,2D
Chi,Xp-5dv,2D
Chi,Xp-6dv,2D
Chi,Xp-7dv,2D
Chi,AXp-0dv,2D
Chi,AXp-1dv,2D
Chi,AXp-2dv,2D
Chi,AXp-3dv,2D
Chi,AXp-4dv,2D
Chi,AXp-5dv,2D
Chi,AXp-6dv,2D
Chi,AXp-7dv,2D
Constitutional,SZ,2D
Constitutional,Sm,2D
Constitutional,Sv,2D
Constitutional,Sse,2D
Constitutional,Spe,2D
Constitutional,Sare,2D
Constitutional,Sp,2D
Constitutional,Si,2D
Constitutional,Mx,2D
Constitutional,MZ,2D
Constitutional,Mm,2D
Constitutional,Mv,2D
Constitutional,Mse,2D
Constitutional,Mpe,2D
Constitutional,Mare,2D
Constitutional,Mp,2D
Constitutional,Mi,2D
CPSA,PNSA1,3D
CPSA,PNSA2,3D
CPSA,PNSA3,3D
CPSA,PNSA4,3D
CPSA,PNSA5,3D
CPSA,PPSA1,3D
CPSA,PPSA2,3D
CPSA,PPSA3,3D
CPSA,PPSA4,3D
CPSA,PPSA5,3D
CPSA,DPSA1,3D
CPSA,DPSA2,3D
CPSA,DPSA3,3D
CPSA,DPSA4,3D
CPSA,DPSA5,3D
CPSA,FNSA1,3D
CPSA,FNSA2,3D
CPSA,FNSA3,3D
CPSA,FNSA4,3D
CPSA,FNSA5,3D
CPSA,FPSA1,3D
CPSA,FPSA2,3D
CPSA,FPSA3,3D
CPSA,FPSA4,3D
CPSA,FPSA5,3D
CPSA,WNSA1,3D
CPSA,WNSA2,3D
CPSA,WNSA3,3D
CPSA,WNSA4,3D
CPSA,WNSA5,3D
CPSA,WPSA1,3D
CPSA,WPSA2,3D
CPSA,WPSA3,3D
CPSA,WPSA4,3D
CPSA,WPSA5,3D
CPSA,RNCG,2D
CPSA,RPCG,2D
CPSA,RNCS,3D
CPSA,RPCS,3D
CPSA,TASA,3D
CPSA,TPSA,3D
CPSA,RASA,3D
CPSA,RPSA,3D
DetourMatrix,SpAbs_Dt,2D
DetourMatrix,SpMax_Dt,2D
DetourMatrix,SpDiam_Dt,2D
DetourMatrix,SpAD_Dt,2D
DetourMatrix,SpMAD_Dt,2D
DetourMatrix,LogEE_Dt,2D
DetourMatrix,SM1_Dt,2D
DetourMatrix,VE1_Dt,2D
DetourMatrix,VE2_Dt,2D
DetourMatrix,VE3_Dt,2D
DetourMatrix,VR1_Dt,2D
DetourMatrix,VR2_Dt,2D
DetourMatrix,VR3_Dt,2D
DetourMatrix,DetourIndex,2D
DistanceMatrix,SpAbs_D,2D
DistanceMatrix,SpMax_D,2D
DistanceMatrix,SpDiam_D,2D
DistanceMatrix,SpAD_D,2D
DistanceMatrix,SpMAD_D,2D
DistanceMatrix,LogEE_D,2D
DistanceMatrix,SM1_D,2D
DistanceMatrix,VE1_D,2D
DistanceMatrix,VE2_D,2D
DistanceMatrix,VE3_D,2D
DistanceMatrix,VR1_D,2D
DistanceMatrix,VR2_D,2D
DistanceMatrix,VR3_D,2D
EccentricConnectivityIndex,ECIndex,2D
EState,NsLi,2D
EState,NssBe,2D
EState,NssssBe,2D
EState,NssBH,2D
EState,NsssB,2D
EState,NssssB,2D
EState,NsCH3,2D
EState,NdCH2,2D
EState,NssCH2,2D
EState,NtCH,2D
EState,NdsCH,2D
EState,NaaCH,2D
EState,NsssCH,2D
EState,NddC,2D
EState,NtsC,2D
EState,NdssC,2D
EState,NaasC,2D
EState,NaaaC,2D
EState,NssssC,2D
EState,NsNH3,2D
EState,NsNH2,2D
EState,NssNH2,2D
EState,NdNH,2D
EState,NssNH,2D
EState,NaaNH,2D
EState,NtN,2D
EState,NsssNH,2D
EState,NdsN,2D
EState,NaaN,2D
EState,NsssN,2D
EState,NddsN,2D
EState,NaasN,2D
EState,NssssN,2D
EState,NsOH,2D
EState,NdO,2D
EState,NssO,2D
EState,NaaO,2D
EState,NsF,2D
EState,NsSiH3,2D
EState,NssSiH2,2D
EState,NsssSiH,2D
EState,NssssSi,2D
EState,NsPH2,2D
EState,NssPH,2D
EState,NsssP,2D
EState,NdsssP,2D
EState,NsssssP,2D
EState,NsSH,2D
EState,NdS,2D
EState,NssS,2D
EState,NaaS,2D
EState,NdssS,2D
EState,NddssS,2D
EState,NsCl,2D
EState,NsGeH3,2D
EState,NssGeH2,2D
EState,NsssGeH,2D
EState,NssssGe,2D
EState,NsAsH2,2D
EState,NssAsH,2D
EState,NsssAs,2D
EState,NsssdAs,2D
EState,NsssssAs,2D
EState,NsSeH,2D
EState,NdSe,2D
EState,NssSe,2D
EState,NaaSe,2D
EState,NdssSe,2D
EState,NddssSe,2D
EState,NsBr,2D
EState,NsSnH3,2D
EState,NssSnH2,2D
EState,NsssSnH,2D
EState,NssssSn,2D
EState,NsI,2D
EState,NsPbH3,2D
EState,NssPbH2,2D
EState,NsssPbH,2D
EState,NssssPb,2D
EState,SsLi,2D
EState,SssBe,2D
EState,SssssBe,2D
EState,SssBH,2D
EState,SsssB,2D
EState,SssssB,2D
EState,SsCH3,2D
EState,SdCH2,2D
EState,SssCH2,2D
EState,StCH,2D
EState,SdsCH,2D
EState,SaaCH,2D
EState,SsssCH,2D
EState,SddC,2D
EState,StsC,2D
EState,SdssC,2D
EState,SaasC,2D
EState,SaaaC,2D
EState,SssssC,2D
EState,SsNH3,2D
EState,SsNH2,2D
EState,SssNH2,2D
EState,SdNH,2D
EState,SssNH,2D
EState,SaaNH,2D
EState,StN,2D
EState,SsssNH,2D
EState,SdsN,2D
EState,SaaN,2D
EState,SsssN,2D
EState,SddsN,2D
EState,SaasN,2D
EState,SssssN,2D
EState,SsOH,2D
EState,SdO,2D
EState,SssO,2D
EState,SaaO,2D
EState,SsF,2D
EState,SsSiH3,2D
EState,SssSiH2,2D
EState,SsssSiH,2D
EState,SssssSi,2D
EState,SsPH2,2D
EState,SssPH,2D
EState,SsssP,2D
EState,SdsssP,2D
EState,SsssssP,2D
EState,SsSH,2D
EState,SdS,2D
EState,SssS,2D
EState,SaaS,2D
EState,SdssS,2D
EState,SddssS,2D
EState,SsCl,2D
EState,SsGeH3,2D
EState,SssGeH2,2D
EState,SsssGeH,2D
EState,SssssGe,2D
EState,SsAsH2,2D
EState,SssAsH,2D
EState,SsssAs,2D
EState,SsssdAs,2D
EState,SsssssAs,2D
EState,SsSeH,2D
EState,SdSe,2D
EState,SssSe,2D
EState,SaaSe,2D
EState,SdssSe,2D
EState,SddssSe,2D
EState,SsBr,2D
EState,SsSnH3,2D
EState,SssSnH2,2D
EState,SsssSnH,2D
EState,SssssSn,2D
EState,SsI,2D
EState,SsPbH3,2D
EState,SssPbH2,2D
EState,SsssPbH,2D
EState,SssssPb,2D
EState,MAXsLi,2D
EState,MAXssBe,2D
EState,MAXssssBe,2D
EState,MAXssBH,2D
EState,MAXsssB,2D
EState,MAXssssB,2D
EState,MAXsCH3,2D
EState,MAXdCH2,2D
EState,MAXssCH2,2D
EState,MAXtCH,2D
EState,MAXdsCH,2D
EState,MAXaaCH,2D
EState,MAXsssCH,2D
EState,MAXddC,2D
EState,MAXtsC,2D
EState,MAXdssC,2D
EState,MAXaasC,2D
EState,MAXaaaC,2D
EState,MAXssssC,2D
EState,MAXsNH3,2D
EState,MAXsNH2,2D
EState,MAXssNH2,2D
EState,MAXdNH,2D
EState,MAXssNH,2D
EState,MAXaaNH,2D
EState,MAXtN,2D
EState,MAXsssNH,2D
EState,MAXdsN,2D
EState,MAXaaN,2D
EState,MAXsssN,2D
EState,MAXddsN,2D
EState,MAXaasN,2D
EState,MAXssssN,2D
EState,MAXsOH,2D
EState,MAXdO,2D
EState,MAXssO,2D
EState,MAXaaO,2D
EState,MAXsF,2D
EState,MAXsSiH3,2D
EState,MAXssSiH2,2D
EState,MAXsssSiH,2D
EState,MAXssssSi,2D
EState,MAXsPH2,2D
EState,MAXssPH,2D
EState,MAXsssP,2D
EState,MAXdsssP,2D
EState,MAXsssssP,2D
EState,MAXsSH,2D
EState,MAXdS,2D
EState,MAXssS,2D
EState,MAXaaS,2D
EState,MAXdssS,2D
EState,MAXddssS,2D
EState,MAXsCl,2D
EState,MAXsGeH3,2D
EState,MAXssGeH2,2D
EState,MAXsssGeH,2D
EState,MAXssssGe,2D
EState,MAXsAsH2,2D
EState,MAXssAsH,2D
EState,MAXsssAs,2D
EState,MAXsssdAs,2D
EState,MAXsssssAs,2D
EState,MAXsSeH,2D
EState,MAXdSe,2D
EState,MAXssSe,2D
EState,MAXaaSe,2D
EState,MAXdssSe,2D
EState,MAXddssSe,2D
EState,MAXsBr,2D
EState,MAXsSnH3,2D
EState,MAXssSnH2,2D
EState,MAXsssSnH,2D
EState,MAXssssSn,2D
EState,MAXsI,2D
EState,MAXsPbH3,2D
EState,MAXssPbH2,2D
EState,MAXsssPbH,2D
EState,MAXssssPb,2D
EState,MINsLi,2D
EState,MINssBe,2D
EState,MINssssBe,2D
EState,MINssBH,2D
EState,MINsssB,2D
EState,MINssssB,2D
EState,MINsCH3,2D
EState,MINdCH2,2D
EState,MINssCH2,2D
EState,MINtCH,2D
EState,MINdsCH,2D
EState,MINaaCH,2D
EState,MINsssCH,2D
EState,MINddC,2D
EState,MINtsC,2D
EState,MINdssC,2D
EState,MINaasC,2D
EState,MINaaaC,2D
EState,MINssssC,2D
EState,MINsNH3,2D
EState,MINsNH2,2D
EState,MINssNH2,2D
EState,MINdNH,2D
EState,MINssNH,2D
EState,MINaaNH,2D
EState,MINtN,2D
EState,MINsssNH,2D
EState,MINdsN,2D
EState,MINaaN,2D
EState,MINsssN,2D
EState,MINddsN,2D
EState,MINaasN,2D
EState,MINssssN,2D
EState,MINsOH,2D
EState,MINdO,2D
EState,MINssO,2D
EState,MINaaO,2D
EState,MINsF,2D
EState,MINsSiH3,2D
EState,MINssSiH2,2D
EState,MINsssSiH,2D
EState,MINssssSi,2D
EState,MINsPH2,2D
EState,MINssPH,2D
EState,MINsssP,2D
EState,MINdsssP,2D
EState,MINsssssP,2D
EState,MINsSH,2D
EState,MINdS,2D
EState,MINssS,2D
EState,MINaaS,2D
EState,MINdssS,2D
EState,MINddssS,2D
EState,MINsCl,2D
EState,MINsGeH3,2D
EState,MINssGeH2,2D
EState,MINsssGeH,2D
EState,MINssssGe,2D
EState,MINsAsH2,2D
EState,MINssAsH,2D
EState,MINsssAs,2D
EState,MINsssdAs,2D
EState,MINsssssAs,2D
EState,MINsSeH,2D
EState,MINdSe,2D
EState,MINssSe,2D
EState,MINaaSe,2D
EState,MINdssSe,2D
EState,MINddssSe,2D
EState,MINsBr,2D
EState,MINsSnH3,2D
EState,MINssSnH2,2D
EState,MINsssSnH,2D
EState,MINssssSn,2D
EState,MINsI,2D
EState,MINsPbH3,2D
EState,MINssPbH2,2D
EState,MINsssPbH,2D
EState,MINssssPb,2D
ExtendedTopochemicalAtom,ETA_alpha,2D
ExtendedTopochemicalAtom,AETA_alpha,2D
ExtendedTopochemicalAtom,ETA_shape_p,2D
ExtendedTopochemicalAtom,ETA_shape_y,2D
ExtendedTopochemicalAtom,ETA_shape_x,2D
ExtendedTopochemicalAtom,ETA_beta,2D
ExtendedTopochemicalAtom,AETA_beta,2D
ExtendedTopochemicalAtom,ETA_beta_s,2D
ExtendedTopochemicalAtom,AETA_beta_s,2D
ExtendedTopochemicalAtom,ETA_beta_ns,2D
ExtendedTopochemicalAtom,AETA_beta_ns,2D
ExtendedTopochemicalAtom,ETA_beta_ns_d,2D
ExtendedTopochemicalAtom,AETA_beta_ns_d,2D
ExtendedTopochemicalAtom,ETA_eta,2D
ExtendedTopochemicalAtom,AETA_eta,2D
ExtendedTopochemicalAtom,ETA_eta_L,2D
ExtendedTopochemicalAtom,AETA_eta_L,2D
ExtendedTopochemicalAtom,ETA_eta_R,2D
ExtendedTopochemicalAtom,AETA_eta_R,2D
ExtendedTopochemicalAtom,ETA_eta_RL,2D
ExtendedTopochemicalAtom,AETA_eta_RL,2D
ExtendedTopochemicalAtom,ETA_eta_F,2D
ExtendedTopochemicalAtom,AETA_eta_F,2D
ExtendedTopochemicalAtom,ETA_eta_FL,2D
ExtendedTopochemicalAtom,AETA_eta_FL,2D
ExtendedTopochemicalAtom,ETA_eta_B,2D
ExtendedTopochemicalAtom,AETA_eta_B,2D
ExtendedTopochemicalAtom,ETA_eta_BR,2D
ExtendedTopochemicalAtom,AETA_eta_BR,2D
ExtendedTopochemicalAtom,ETA_dAlpha_A,2D
ExtendedTopochemicalAtom,ETA_dAlpha_B,2D
ExtendedTopochemicalAtom,ETA_epsilon_1,2D
ExtendedTopochemicalAtom,ETA_epsilon_2,2D
ExtendedTopochemicalAtom,ETA_epsilon_3,2D
ExtendedTopochemicalAtom,ETA_epsilon_4,2D
ExtendedTopochemicalAtom,ETA_epsilon_5,2D
ExtendedTopochemicalAtom,ETA_dEpsilon_A,2D
ExtendedTopochemicalAtom,ETA_dEpsilon_B,2D
ExtendedTopochemicalAtom,ETA_dEpsilon_C,2D
ExtendedTopochemicalAtom,ETA_dEpsilon_D,2D
ExtendedTopochemicalAtom,ETA_dBeta,2D
ExtendedTopochemicalAtom,AETA_dBeta,2D
ExtendedTopochemicalAtom,ETA_psi_1,2D
ExtendedTopochemicalAtom,ETA_dPsi_A,2D
ExtendedTopochemicalAtom,ETA_dPsi_B,2D
FragmentComplexity,fragCpx,2D
Framework,fMF,2D
GeometricalIndex,GeomDiameter,3D
GeometricalIndex,GeomRadius,3D
GeometricalIndex,GeomShapeIndex,3D
GeometricalIndex,GeomPetitjeanIndex,3D
GravitationalIndex,GRAV,3D
GravitationalIndex,GRAVH,3D
GravitationalIndex,GRAVp,3D
GravitationalIndex,GRAVHp,3D
HydrogenBond,nHBAcc,2D
HydrogenBond,nHBDon,2D
InformationContent,IC0,2D
InformationContent,IC1,2D
InformationContent,IC2,2D
InformationContent,IC3,2D
InformationContent,IC4,2D
InformationContent,IC5,2D
InformationContent,TIC0,2D
InformationContent,TIC1,2D
InformationContent,TIC2,2D
InformationContent,TIC3,2D
InformationContent,TIC4,2D
InformationContent,TIC5,2D
InformationContent,SIC0,2D
InformationContent,SIC1,2D
InformationContent,SIC2,2D
InformationContent,SIC3,2D
InformationContent,SIC4,2D
InformationContent,SIC5,2D
InformationContent,BIC0,2D
InformationContent,BIC1,2D
InformationContent,BIC2,2D
InformationContent,BIC3,2D
InformationContent,BIC4,2D
InformationContent,BIC5,2D
InformationContent,CIC0,2D
InformationContent,CIC1,2D
InformationContent,CIC2,2D
InformationContent,CIC3,2D
InformationContent,CIC4,2D
InformationContent,CIC5,2D
InformationContent,MIC0,2D
InformationContent,MIC1,2D
InformationContent,MIC2,2D
InformationContent,MIC3,2D
InformationContent,MIC4,2D
InformationContent,MIC5,2D
InformationContent,ZMIC0,2D
InformationContent,ZMIC1,2D
InformationContent,ZMIC2,2D
InformationContent,ZMIC3,2D
InformationContent,ZMIC4,2D
InformationContent,ZMIC5,2D
KappaShapeIndex,Kier1,2D
KappaShapeIndex,Kier2,2D
KappaShapeIndex,Kier3,2D
Lipinski,Lipinski,2D
Lipinski,GhoseFilter,2D
LogS,FilterItLogS,2D
McGowanVolume,VMcGowan,2D
MoeType,LabuteASA,2D
MoeType,PEOE_VSA1,2D
MoeType,PEOE_VSA2,2D
MoeType,PEOE_VSA3,2D
MoeType,PEOE_VSA4,2D
MoeType,PEOE_VSA5,2D
MoeType,PEOE_VSA6,2D
MoeType,PEOE_VSA7,2D
MoeType,PEOE_VSA8,2D
MoeType,PEOE_VSA9,2D
MoeType,PEOE_VSA10,2D
MoeType,PEOE_VSA11,2D
MoeType,PEOE_VSA12,2D
MoeType,PEOE_VSA13,2D
MoeType,SMR_VSA1,2D
MoeType,SMR_VSA2,2D
MoeType,SMR_VSA3,2D
MoeType,SMR_VSA4,2D
MoeType,SMR_VSA5,2D
MoeType,SMR_VSA6,2D
MoeType,SMR_VSA7,2D
MoeType,SMR_VSA8,2D
MoeType,SMR_VSA9,2D
MoeType,SlogP_VSA1,2D
MoeType,SlogP_VSA2,2D
MoeType,SlogP_VSA3,2D
MoeType,SlogP_VSA4,2D
MoeType,SlogP_VSA5,2D
MoeType,SlogP_VSA6,2D
MoeType,SlogP_VSA7,2D
MoeType,SlogP_VSA8,2D
MoeType,SlogP_VSA9,2D
MoeType,SlogP_VSA10,2D
MoeType,SlogP_VSA11,2D
MoeType,EState_VSA1,2D
MoeType,EState_VSA2,2D
MoeType,EState_VSA3,2D
MoeType,EState_VSA4,2D
MoeType,EState_VSA5,2D
MoeType,EState_VSA6,2D
MoeType,EState_VSA7,2D
MoeType,EState_VSA8,2D
MoeType,EState_VSA9,2D
MoeType,EState_VSA10,2D
MoeType,VSA_EState1,2D
MoeType,VSA_EState2,2D
MoeType,VSA_EState3,2D
MoeType,VSA_EState4,2D
MoeType,VSA_EState5,2D
MoeType,VSA_EState6,2D
MoeType,VSA_EState7,2D
MoeType,VSA_EState8,2D
MoeType,VSA_EState9,2D
MolecularDistanceEdge,MDEC-11,2D
MolecularDistanceEdge,MDEC-12,2D
MolecularDistanceEdge,MDEC-13,2D
MolecularDistanceEdge,MDEC-14,2D
MolecularDistanceEdge,MDEC-22,2D
MolecularDistanceEdge,MDEC-23,2D
MolecularDistanceEdge,MDEC-24,2D
MolecularDistanceEdge,MDEC-33,2D
MolecularDistanceEdge,MDEC-34,2D
MolecularDistanceEdge,MDEC-44,2D
MolecularDistanceEdge,MDEO-11,2D
MolecularDistanceEdge,MDEO-12,2D
MolecularDistanceEdge,MDEO-22,2D
MolecularDistanceEdge,MDEN-11,2D
MolecularDistanceEdge,MDEN-12,2D
MolecularDistanceEdge,MDEN-13,2D
MolecularDistanceEdge,MDEN-22,2D
MolecularDistanceEdge,MDEN-23,2D
MolecularDistanceEdge,MDEN-33,2D
MolecularId,MID,2D
MolecularId,AMID,2D
MolecularId,MID_h,2D
MolecularId,AMID_h,2D
MolecularId,MID_C,2D
MolecularId,AMID_C,2D
MolecularId,MID_N,2D
MolecularId,AMID_N,2D
MolecularId,MID_O,2D
MolecularId,AMID_O,2D
MolecularId,MID_X,2D
MolecularId,AMID_X,2D
MomentOfInertia,MOMI-X,3D
MomentOfInertia,MOMI-Y,3D
MomentOfInertia,MOMI-Z,3D
MoRSE,Mor01,3D
MoRSE,Mor02,3D
MoRSE,Mor03,3D
MoRSE,Mor04,3D
MoRSE,Mor05,3D
MoRSE,Mor06,3D
MoRSE,Mor07,3D
MoRSE,Mor08,3D
MoRSE,Mor09,3D
MoRSE,Mor10,3D
MoRSE,Mor11,3D
MoRSE,Mor12,3D
MoRSE,Mor13,3D
MoRSE,Mor14,3D
MoRSE,Mor15,3D
MoRSE,Mor16,3D
MoRSE,Mor17,3D
MoRSE,Mor18,3D
MoRSE,Mor19,3D
MoRSE,Mor20,3D
MoRSE,Mor21,3D
MoRSE,Mor22,3D
MoRSE,Mor23,3D
MoRSE,Mor24,3D
MoRSE,Mor25,3D
MoRSE,Mor26,3D
MoRSE,Mor27,3D
MoRSE,Mor28,3D
MoRSE,Mor29,3D
MoRSE,Mor30,3D
MoRSE,Mor31,3D
MoRSE,Mor32,3D
MoRSE,Mor01m,3D
MoRSE,Mor02m,3D
MoRSE,Mor03m,3D
MoRSE,Mor04m,3D
MoRSE,Mor05m,3D
MoRSE,Mor06m,3D
MoRSE,Mor07m,3D
MoRSE,Mor08m,3D
MoRSE,Mor09m,3D
MoRSE,Mor10m,3D
MoRSE,Mor11m,3D
MoRSE,Mor12m,3D
MoRSE,Mor13m,3D
MoRSE,Mor14m,3D
MoRSE,Mor15m,3D
MoRSE,Mor16m,3D
MoRSE,Mor17m,3D
MoRSE,Mor18m,3D
MoRSE,Mor19m,3D
MoRSE,Mor20m,3D
MoRSE,Mor21m,3D
MoRSE,Mor22m,3D
MoRSE,Mor23m,3D
MoRSE,Mor24m,3D
MoRSE,Mor25m,3D
MoRSE,Mor26m,3D
MoRSE,Mor27m,3D
MoRSE,Mor28m,3D
MoRSE,Mor29m,3D
MoRSE,Mor30m,3D
MoRSE,Mor31m,3D
MoRSE,Mor32m,3D
MoRSE,Mor01v,3D
MoRSE,Mor02v,3D
MoRSE,Mor03v,3D
MoRSE,Mor04v,3D
MoRSE,Mor05v,3D
MoRSE,Mor06v,3D
MoRSE,Mor07v,3D
MoRSE,Mor08v,3D
MoRSE,Mor09v,3D
MoRSE,Mor10v,3D
MoRSE,Mor11v,3D
MoRSE,Mor12v,3D
MoRSE,Mor13v,3D
MoRSE,Mor14v,3D
MoRSE,Mor15v,3D
MoRSE,Mor16v,3D
MoRSE,Mor17v,3D
MoRSE,Mor18v,3D
MoRSE,Mor19v,3D
MoRSE,Mor20v,3D
MoRSE,Mor21v,3D
MoRSE,Mor22v,3D
MoRSE,Mor23v,3D
MoRSE,Mor24v,3D
MoRSE,Mor25v,3D
MoRSE,Mor26v,3D
MoRSE,Mor27v,3D
MoRSE,Mor28v,3D
MoRSE,Mor29v,3D
MoRSE,Mor30v,3D
MoRSE,Mor31v,3D
MoRSE,Mor32v,3D
MoRSE,Mor01se,3D
MoRSE,Mor02se,3D
MoRSE,Mor03se,3D
MoRSE,Mor04se,3D
MoRSE,Mor05se,3D
MoRSE,Mor06se,3D
MoRSE,Mor07se,3D
MoRSE,Mor08se,3D
MoRSE,Mor09se,3D
MoRSE,Mor10se,3D
MoRSE,Mor11se,3D
MoRSE,Mor12se,3D
MoRSE,Mor13se,3D
MoRSE,Mor14se,3D
MoRSE,Mor15se,3D
MoRSE,Mor16se,3D
MoRSE,Mor17se,3D
MoRSE,Mor18se,3D
MoRSE,Mor19se,3D
MoRSE,Mor20se,3D
MoRSE,Mor21se,3D
MoRSE,Mor22se,3D
MoRSE,Mor23se,3D
MoRSE,Mor24se,3D
MoRSE,Mor25se,3D
MoRSE,Mor26se,3D
MoRSE,Mor27se,3D
MoRSE,Mor28se,3D
MoRSE,Mor29se,3D
MoRSE,Mor30se,3D
MoRSE,Mor31se,3D
MoRSE,Mor32se,3D
MoRSE,Mor01p,3D
MoRSE,Mor02p,3D
MoRSE,Mor03p,3D
MoRSE,Mor04p,3D
MoRSE,Mor05p,3D
MoRSE,Mor06p,3D
MoRSE,Mor07p,3D
MoRSE,Mor08p,3D
MoRSE,Mor09p,3D
MoRSE,Mor10p,3D
MoRSE,Mor11p,3D
MoRSE,Mor12p,3D
MoRSE,Mor13p,3D
MoRSE,Mor14p,3D
MoRSE,Mor15p,3D
MoRSE,Mor16p,3D
MoRSE,Mor17p,3D
MoRSE,Mor18p,3D
MoRSE,Mor19p,3D
MoRSE,Mor20p,3D
MoRSE,Mor21p,3D
MoRSE,Mor22p,3D
MoRSE,Mor23p,3D
MoRSE,Mor24p,3D
MoRSE,Mor25p,3D
MoRSE,Mor26p,3D
MoRSE,Mor27p,3D
MoRSE,Mor28p,3D
MoRSE,Mor29p,3D
MoRSE,Mor30p,3D
MoRSE,Mor31p,3D
MoRSE,Mor32p,3D
PathCount,MPC2,2D
PathCount,MPC3,2D
PathCount,MPC4,2D
PathCount,MPC5,2D
PathCount,MPC6,2D
PathCount,MPC7,2D
PathCount,MPC8,2D
PathCount,MPC9,2D
PathCount,MPC10,2D
PathCount,TMPC10,2D
PathCount,piPC1,2D
PathCount,piPC2,2D
PathCount,piPC3,2D
PathCount,piPC4,2D
PathCount,piPC5,2D
PathCount,piPC6,2D
PathCount,piPC7,2D
PathCount,piPC8,2D
PathCount,piPC9,2D
PathCount,piPC10,2D
PathCount,TpiPC10,2D
Polarizability,apol,2D
Polarizability,bpol,2D
RingCount,nRing,2D
RingCount,n3Ring,2D
RingCount,n4Ring,2D
RingCount,n5Ring,2D
RingCount,n6Ring,2D
RingCount,n7Ring,2D
RingCount,n8Ring,2D
RingCount,n9Ring,2D
RingCount,n10Ring,2D
RingCount,n11Ring,2D
RingCount,n12Ring,2D
RingCount,nG12Ring,2D
RingCount,nHRing,2D
RingCount,n3HRing,2D
RingCount,n4HRing,2D
RingCount,n5HRing,2D
RingCount,n6HRing,2D
RingCount,n7HRing,2D
RingCount,n8HRing,2D
RingCount,n9HRing,2D
RingCount,n10HRing,2D
RingCount,n11HRing,2D
RingCount,n12HRing,2D
RingCount,nG12HRing,2D
RingCount,naRing,2D
RingCount,n3aRing,2D
RingCount,n4aRing,2D
RingCount,n5aRing,2D
RingCount,n6aRing,2D
RingCount,n7aRing,2D
RingCount,n8aRing,2D
RingCount,n9aRing,2D
RingCount,n10aRing,2D
RingCount,n11aRing,2D
RingCount,n12aRing,2D
RingCount,nG12aRing,2D
RingCount,naHRing,2D
RingCount,n3aHRing,2D
RingCount,n4aHRing,2D
RingCount,n5aHRing,2D
RingCount,n6aHRing,2D
RingCount,n7aHRing,2D
RingCount,n8aHRing,2D
RingCount,n9aHRing,2D
RingCount,n10aHRing,2D
RingCount,n11aHRing,2D
RingCount,n12aHRing,2D
RingCount,nG12aHRing,2D
RingCount,nARing,2D
RingCount,n3ARing,2D
RingCount,n4ARing,2D
RingCount,n5ARing,2D
RingCount,n6ARing,2D
RingCount,n7ARing,2D
RingCount,n8ARing,2D
RingCount,n9ARing,2D
RingCount,n10ARing,2D
RingCount,n11ARing,2D
RingCount,n12ARing,2D
RingCount,nG12ARing,2D
RingCount,nAHRing,2D
RingCount,n3AHRing,2D
RingCount,n4AHRing,2D
RingCount,n5AHRing,2D
RingCount,n6AHRing,2D
RingCount,n7AHRing,2D
RingCount,n8AHRing,2D
RingCount,n9AHRing,2D
RingCount,n10AHRing,2D
RingCount,n11AHRing,2D
RingCount,n12AHRing,2D
RingCount,nG12AHRing,2D
RingCount,nFRing,2D
RingCount,n4FRing,2D
RingCount,n5FRing,2D
RingCount,n6FRing,2D
RingCount,n7FRing,2D
RingCount,n8FRing,2D
RingCount,n9FRing,2D
RingCount,n10FRing,2D
RingCount,n11FRing,2D
RingCount,n12FRing,2D
RingCount,nG12FRing,2D
RingCount,nFHRing,2D
RingCount,n4FHRing,2D
RingCount,n5FHRing,2D
RingCount,n6FHRing,2D
RingCount,n7FHRing,2D
RingCount,n8FHRing,2D
RingCount,n9FHRing,2D
RingCount,n10FHRing,2D
RingCount,n11FHRing,2D
RingCount,n12FHRing,2D
RingCount,nG12FHRing,2D
RingCount,nFaRing,2D
RingCount,n4FaRing,2D
RingCount,n5FaRing,2D
RingCount,n6FaRing,2D
RingCount,n7FaRing,2D
RingCount,n8FaRing,2D
RingCount,n9FaRing,2D
RingCount,n10FaRing,2D
RingCount,n11FaRing,2D
RingCount,n12FaRing,2D
RingCount,nG12FaRing,2D
RingCount,nFaHRing,2D
RingCount,n4FaHRing,2D
RingCount,n5FaHRing,2D
RingCount,n6FaHRing,2D
RingCount,n7FaHRing,2D
RingCount,n8FaHRing,2D
RingCount,n9FaHRing,2D
RingCount,n10FaHRing,2D
RingCount,n11FaHRing,2D
RingCount,n12FaHRing,2D
RingCount,nG12FaHRing,2D
RingCount,nFARing,2D
RingCount,n4FARing,2D
RingCount,n5FARing,2D
RingCount,n6FARing,2D
RingCount,n7FARing,2D
RingCount,n8FARing,2D
RingCount,n9FARing,2D
RingCount,n10FARing,2D
RingCount,n11FARing,2D
RingCount,n12FARing,2D
RingCount,nG12FARing,2D
RingCount,nFAHRing,2D
RingCount,n4FAHRing,2D
RingCount,n5FAHRing,2D
RingCount,n6FAHRing,2D
RingCount,n7FAHRing,2D
RingCount,n8FAHRing,2D
RingCount,n9FAHRing,2D
RingCount,n10FAHRing,2D
RingCount,n11FAHRing,2D
RingCount,n12FAHRing,2D
RingCount,nG12FAHRing,2D
RotatableBond,nRot,2D
RotatableBond,RotRatio,2D
SLogP,SLogP,2D
SLogP,SMR,2D
TopologicalCharge,GGI1,2D
TopologicalCharge,GGI2,2D
TopologicalCharge,GGI3,2D
TopologicalCharge,GGI4,2D
TopologicalCharge,GGI5,2D
TopologicalCharge,GGI6,2D
TopologicalCharge,GGI7,2D
TopologicalCharge,GGI8,2D
TopologicalCharge,GGI9,2D
TopologicalCharge,GGI10,2D
TopologicalCharge,JGI1,2D
TopologicalCharge,JGI2,2D
TopologicalCharge,JGI3,2D
TopologicalCharge,JGI4,2D
TopologicalCharge,JGI5,2D
TopologicalCharge,JGI6,2D
TopologicalCharge,JGI7,2D
TopologicalCharge,JGI8,2D
TopologicalCharge,JGI9,2D
TopologicalCharge,JGI10,2D
TopologicalCharge,JGT10,2D
TopologicalIndex,Diameter,2D
TopologicalIndex,Radius,2D
TopologicalIndex,TopoShapeIndex,2D
TopologicalIndex,PetitjeanIndex,2D
TopoPSA,TopoPSA(NO),2D
TopoPSA,TopoPSA,2D
VdwVolumeABC,Vabc,2D
VertexAdjacencyInformation,VAdjMat,2D
WalkCount,MWC01,2D
WalkCount,MWC02,2D
WalkCount,MWC03,2D
WalkCount,MWC04,2D
WalkCount,MWC05,2D
WalkCount,MWC06,2D
WalkCount,MWC07,2D
WalkCount,MWC08,2D
WalkCount,MWC09,2D
WalkCount,MWC10,2D
WalkCount,TMWC10,2D
WalkCount,SRW02,2D
WalkCount,SRW03,2D
WalkCount,SRW04,2D
WalkCount,SRW05,2D
WalkCount,SRW06,2D
WalkCount,SRW07,2D
WalkCount,SRW08,2D
WalkCount,SRW09,2D
WalkCount,SRW10,2D
WalkCount,TSRW10,2D
Weight,MW,2D
Weight,AMW,2D
WienerIndex,WPath,2D
WienerIndex,WPol,2D
ZagrebIndex,Zagreb1,2D
ZagrebIndex,Zagreb2,2D
ZagrebIndex,mZagreb1,2D
